1,,2024-08-12T09:11:00
2,,2024-08-12T14:55:45
3,,2024-08-12T11:09:54
4,,2024-08-12T11:03:48
5,,2024-08-12T14:03:56
6,,2024-08-12T10:58:58
7,,2024-08-12T09:09:05
8,,2024-08-12T08:27:34
9,,2024-08-12T11:56:02
10,,2024-08-12T07:52:36
11,,2024-08-12T10:32:43
12,,2024-08-12T08:32:03
13,,2024-08-12T08:08:35
14,,2024-08-12T09:30:32
15,,2024-08-12T14:59:01
16,,2024-08-12T09:12:11
17,,2024-08-12T10:03:32
18,,2024-08-12T11:04:42
19,,2024-08-12T15:43:05
20,,2024-08-12T09:27:35
21,,2024-08-12T09:40:06
22,,2024-08-12T15:41:18
23,,2024-08-12T13:31:07
24,,2024-08-12T11:00:59
25,,2024-08-12T11:59:58
26,,2024-08-12T13:26:04
27,,2024-08-12T11:45:18
28,,2024-08-12T07:50:53
29,,2024-08-12T15:17:12
30,,2024-08-12T09:23:31
31,,2024-08-12T07:33:32
32,,2024-08-12T07:35:08
33,,2024-08-12T09:52:41
34,,2024-08-12T14:33:09
35,,2024-08-12T15:35:56
36,,2024-08-12T13:26:52
37,,2024-08-12T08:49:11
38,,2024-08-12T11:18:53
39,,2024-08-12T12:31:26
40,,2024-08-12T10:25:30
41,,2024-08-12T14:50:11
42,,2024-08-12T13:02:45
43,,2024-08-12T14:00:30
44,,2024-08-12T12:14:31
45,,2024-08-12T13:09:02
46,,2024-08-12T11:24:03
47,,2024-08-12T09:02:12
48,,2024-08-12T12:14:29
49,,2024-08-12T10:34:34
50,,2024-08-12T14:40:51
51,,2024-08-12T10:06:59
52,,2024-08-12T15:04:33
53,,2024-08-12T13:33:05
54,,2024-08-12T07:21:39
55,,2024-08-12T11:59:51
56,,2024-08-12T10:07:15
57,,2024-08-12T14:41:24
58,,2024-08-12T11:55:13
59,,2024-08-12T12:31:19
60,,2024-08-12T09:30:43
61,,2024-08-12T11:28:36
62,,2024-08-12T07:33:47
63,,2024-08-12T15:41:21
64,,2024-08-12T07:27:24
65,,2024-08-12T07:14:35
66,,2024-08-12T15:07:17
67,,2024-08-12T11:47:02
68,,2024-08-12T11:21:17
69,,2024-08-12T14:18:00
70,,2024-08-12T07:09:21
71,,2024-08-12T14:36:59
72,,2024-08-12T15:09:37
73,,2024-08-12T09:58:08
74,,2024-08-12T07:22:34
75,,2024-08-12T12:43:18
76,,2024-08-12T14:45:56
77,,2024-08-12T08:43:10
78,,2024-08-12T10:25:09
79,,2024-08-12T12:46:45
80,,2024-08-12T15:01:38
81,,2024-08-12T12:21:04
82,,2024-08-12T13:14:38
83,,2024-08-12T08:21:36
84,,2024-08-12T11:37:33
85,,2024-08-12T13:41:29
86,,2024-08-12T15:45:22
87,,2024-08-12T12:08:35
88,,2024-08-12T14:54:09
89,,2024-08-12T10:35:58
90,,2024-08-12T08:23:45
91,,2024-08-12T09:42:03
92,,2024-08-12T08:42:21
93,,2024-08-12T09:02:53
94,,2024-08-12T09:49:20
95,,2024-08-12T11:27:24
96,,2024-08-12T09:08:35
97,,2024-08-12T13:43:38
98,,2024-08-12T13:12:24
99,,2024-08-12T07:27:25
100,,2024-08-12T09:15:10
101,,2024-08-12T15:30:10
102,,2024-08-12T10:13:04
103,,2024-08-12T10:26:29
104,,2024-08-12T10:59:33
105,,2024-08-12T12:54:54
106,,2024-08-12T15:07:40
107,,2024-08-12T14:22:52
108,,2024-08-12T12:09:59
109,,2024-08-12T13:43:30
110,,2024-08-12T10:56:44
111,,2024-08-12T10:12:26
112,,2024-08-12T07:05:51
113,,2024-08-12T08:57:30
114,,2024-08-12T13:16:11
115,,2024-08-12T14:33:07
116,,2024-08-12T13:36:42
117,,2024-08-12T11:17:09
118,,2024-08-12T09:30:49
119,,2024-08-12T14:12:44
120,,2024-08-12T07:51:21
121,,2024-08-12T08:43:18
122,,2024-08-12T13:32:42
123,,2024-08-12T14:55:34
124,,2024-08-12T14:15:36
125,,2024-08-12T15:07:58
126,,2024-08-12T07:51:33
127,,2024-08-12T15:03:52
128,,2024-08-12T14:38:39
129,,2024-08-12T08:53:36
130,,2024-08-12T14:13:45
131,,2024-08-12T09:31:41
132,,2024-08-12T10:55:43
133,,2024-08-12T11:49:45
134,,2024-08-12T13:08:29
135,,2024-08-12T14:17:03
136,,2024-08-12T13:55:49
137,,2024-08-12T10:24:04
138,,2024-08-12T13:37:41
139,,2024-08-12T14:23:22
140,,2024-08-12T10:53:47
141,,2024-08-12T11:54:11
142,,2024-08-12T15:38:17
143,,2024-08-12T10:44:50
144,,2024-08-12T15:11:15
145,,2024-08-12T12:12:29
146,,2024-08-12T11:22:43
147,,2024-08-12T07:30:17
148,,2024-08-12T10:43:06
149,,2024-08-12T11:18:48
150,,2024-08-12T10:13:53
151,,2024-08-12T13:44:25
152,,2024-08-12T07:16:24
153,,2024-08-12T11:13:25
154,,2024-08-12T15:24:14
155,,2024-08-12T11:33:17
156,,2024-08-12T08:02:00
157,,2024-08-12T14:52:46
158,,2024-08-12T14:42:51
159,,2024-08-12T14:00:49
160,,2024-08-12T15:32:42
161,,2024-08-12T14:51:24
162,,2024-08-12T15:21:27
163,,2024-08-12T14:56:52
164,,2024-08-12T14:53:42
165,,2024-08-12T15:13:26
166,,2024-08-12T14:34:40
167,,2024-08-12T15:39:37
168,,2024-08-12T14:51:13
169,,2024-08-12T15:06:48
170,,2024-08-12T15:32:05
171,,2024-08-12T14:41:52
172,,2024-08-12T14:27:59
173,,2024-08-12T15:18:47
174,,2024-08-12T14:38:26
175,,2024-08-12T14:42:09
176,,2024-08-12T15:02:39
177,,2024-08-12T14:47:52
178,,2024-08-12T14:31:08
179,,2024-08-12T15:19:25
180,,2024-08-12T15:08:01
181,,2024-08-12T15:20:10
182,,2024-08-12T15:33:54
183,,2024-08-12T15:02:38
184,,2024-08-12T15:50:18
185,,2024-08-12T15:50:58
186,,2024-08-12T15:35:49
187,,2024-08-12T15:25:43
188,,2024-08-12T15:54:52
189,,2024-08-12T15:25:26
190,,2024-08-12T14:43:07
191,,2024-08-12T14:48:06
192,,2024-08-12T14:27:47
193,,2024-08-12T14:36:00
194,,2024-08-12T14:18:47
195,,2024-08-12T15:27:32
196,,2024-08-12T15:42:31
197,,2024-08-12T14:07:52
198,,2024-08-12T15:46:55
199,,2024-08-12T14:20:14
200,,2024-08-12T14:53:46
201,,2024-08-12T15:10:40
202,,2024-08-12T15:33:15
203,,2024-08-12T14:46:28
204,,2024-08-12T14:15:48
205,,2024-08-12T14:23:28
206,,2024-08-12T15:01:25
207,,2024-08-12T14:18:48
208,,2024-08-12T14:05:23
209,,2024-08-12T14:30:12
210,,2024-08-12T14:18:17
211,,2024-08-12T15:42:30
212,,2024-08-12T15:57:24
213,,2024-08-12T15:47:05
214,,2024-08-12T14:29:49
215,,2024-08-12T14:13:39
216,,2024-08-12T14:56:30
217,,2024-08-12T15:01:41
218,,2024-08-12T14:57:35
219,,2024-08-12T14:33:17
220,,2024-08-12T15:59:42
221,,2024-08-12T15:33:05
222,,2024-08-12T14:07:01
223,,2024-08-12T14:54:56
224,,2024-08-12T14:14:04
225,,2024-08-12T14:55:03
226,,2024-08-12T15:00:00
227,,2024-08-12T14:12:50
228,,2024-08-12T15:18:53
229,,2024-08-12T15:41:32
230,,2024-08-12T15:41:32
231,,2024-08-12T15:05:12
232,,2024-08-12T14:26:22
233,,2024-08-12T15:51:31
234,,2024-08-12T14:40:50
235,,2024-08-12T14:22:59
236,,2024-08-12T15:28:14
237,,2024-08-12T15:02:36
238,,2024-08-12T14:51:20
239,,2024-08-12T15:24:32
240,,2024-08-12T15:10:37
241,,2024-08-12T15:55:47
242,,2024-08-12T14:05:45
243,,2024-08-12T14:25:36
244,,2024-08-12T15:04:22
245,,2024-08-12T14:43:06
246,,2024-08-12T15:51:02
247,,2024-08-12T15:30:04
248,,2024-08-12T14:16:41
249,,2024-08-12T15:48:18
250,,2024-08-12T15:15:50
251,,2024-08-12T15:39:18
252,,2024-08-12T14:17:36
253,,2024-08-12T15:17:32
254,,2024-08-12T15:22:12
255,,2024-08-12T14:23:57
256,,2024-08-12T15:46:22
257,,2024-08-12T15:57:42
258,,2024-08-12T15:34:29
259,,2024-08-12T14:43:57
260,,2024-08-12T14:28:58
261,,2024-08-12T14:09:51
262,,
263,,
264,,
265,,
266,,
267,,
268,,
269,,
270,,
271,,
272,,
273,,
274,,
275,,
276,,
277,,
278,,
279,,
280,,
281,,
282,,
283,,
284,,
285,,
286,,
287,,
288,,
289,,
290,,
291,,
292,,
293,,
294,,
295,,
296,,
297,,
298,,
299,,
300,,
301,,
302,,
303,,
304,,
305,,
306,,
307,,
308,,
309,,
310,,
311,,
312,,
313,,
314,,
315,,
316,,
317,,
318,,
319,,
320,,
321,,
322,,
323,,2024-08-12T14:44:43
324,,2024-08-12T14:21:54
325,,2024-08-12T15:57:29
326,,2024-08-12T14:13:54
327,,2024-08-12T14:22:29
328,,2024-08-12T14:10:22
329,,2024-08-12T15:50:01
330,,2024-08-12T15:15:51
331,,2024-08-12T15:02:06
332,,2024-08-12T14:44:53
333,,2024-08-12T14:40:10
334,,2024-08-12T14:05:36
335,,2024-08-12T15:03:17
336,,2024-08-12T14:52:05
337,,2024-08-12T14:00:08
338,,2024-08-12T14:43:02
339,,2024-08-12T14:01:31
340,,2024-08-12T15:32:50
341,,2024-08-12T15:30:38
342,,2024-08-12T15:54:26
343,,2024-08-12T14:41:35
344,,2024-08-12T15:58:02
345,,2024-08-12T14:36:40
346,,2024-08-12T14:43:52
347,,2024-08-12T14:28:02
348,,2024-08-12T14:58:26
349,,2024-08-12T14:17:41
350,,2024-08-12T14:33:07
351,,2024-08-12T15:58:22
352,,2024-08-12T14:58:38
353,,2024-08-12T14:50:02
354,,2024-08-12T14:52:50
355,,2024-08-12T14:54:52
356,,2024-08-12T14:19:48
357,,2024-08-12T14:37:08
358,,2024-08-12T14:46:43
359,,2024-08-12T15:15:01
360,,2024-08-12T14:18:23
361,,2024-08-12T15:18:28
362,,2024-08-12T14:21:30
363,,2024-08-12T14:13:52
364,,2024-08-12T15:07:43
365,,2024-08-12T14:00:55
366,,2024-08-12T15:07:42
367,,2024-08-12T14:43:30
368,,2024-08-12T14:02:24
369,,2024-08-12T15:17:32
370,,2024-08-12T15:13:06
371,,2024-08-12T14:55:18
372,,2024-08-12T14:50:32
373,,2024-08-12T15:17:41
374,,2024-08-12T15:57:19
375,,2024-08-12T15:19:39
376,,2024-08-12T14:47:17
377,,2024-08-12T14:14:18
378,,2024-08-12T14:54:53
379,,2024-08-12T14:07:22
380,,2024-08-12T14:35:52
381,,2024-08-12T15:42:16
382,,2024-08-12T14:21:06
383,,2024-08-12T14:49:35
384,,2024-08-12T15:33:14
385,,2024-08-12T14:05:38
386,,2024-08-12T15:14:54
387,,2024-08-12T15:53:26
388,,2024-08-12T14:53:57
389,,2024-08-12T14:27:37
390,,2024-08-12T15:51:56
391,,2024-08-12T14:34:24
392,,2024-08-12T14:52:22
393,,2024-08-12T15:05:50
394,,2024-08-12T15:30:12
395,,2024-08-12T14:36:21
396,,2024-08-12T15:49:40
397,,2024-08-12T15:06:58
398,,2024-08-12T15:46:54
399,,2024-08-12T15:24:56
400,,2024-08-12T14:03:15
401,,2024-08-12T14:43:21
402,,2024-08-12T14:54:41
403,,2024-08-12T14:58:39
404,,2024-08-12T14:42:16
405,,2024-08-12T15:46:15
406,,2024-08-12T14:56:22
407,,2024-08-12T15:32:05
408,,2024-08-12T14:42:30
409,,2024-08-12T14:48:54
410,,2024-08-12T15:50:20
411,,2024-08-12T15:36:51
412,,2024-08-12T15:34:33
413,,2024-08-12T15:03:30
414,,2024-08-12T14:00:38
415,,2024-08-12T15:57:34
416,,2024-08-12T15:53:48
417,,2024-08-12T15:00:48
418,,2024-08-12T14:11:38
419,,2024-08-12T15:38:42
420,,2024-08-12T15:12:15
421,,2024-08-12T14:07:45
422,,2024-08-12T15:50:59
423,2024-08-12T07:13:06,
424,2024-08-12T07:37:09,
425,2024-08-12T08:03:19,
426,2024-08-12T08:19:34,
427,2024-08-12T08:19:42,
428,2024-08-12T09:59:16,
429,2024-08-12T07:26:28,
430,2024-08-12T08:35:16,
431,2024-08-12T07:36:31,
432,2024-08-12T09:12:18,
433,2024-08-12T09:43:22,
434,2024-08-12T09:56:26,
435,2024-08-12T07:13:01,
436,2024-08-12T07:01:57,
437,2024-08-12T09:11:40,
438,2024-08-12T08:58:15,
439,2024-08-12T09:03:50,
440,2024-08-12T09:51:06,
441,2024-08-12T08:13:41,
442,2024-08-12T07:49:10,
443,2024-08-12T09:46:27,
444,2024-08-12T08:16:53,
445,2024-08-12T08:15:49,
446,2024-08-12T07:54:51,
447,2024-08-12T08:58:57,
448,2024-08-12T07:36:27,
449,2024-08-12T09:49:36,
450,2024-08-12T08:06:35,
451,2024-08-12T09:57:22,
452,2024-08-12T07:57:50,
453,2024-08-12T09:54:05,
454,2024-08-12T07:50:34,
455,2024-08-12T08:18:43,
456,2024-08-12T08:48:21,
457,2024-08-12T09:41:59,
458,2024-08-12T09:53:37,
459,2024-08-12T09:29:15,
460,2024-08-12T08:51:53,
461,2024-08-12T09:36:43,
462,2024-08-12T08:23:45,
463,2024-08-12T08:16:42,
464,2024-08-12T08:03:34,
465,2024-08-12T07:19:06,
466,2024-08-12T08:41:18,
467,2024-08-12T09:16:58,
468,2024-08-12T07:48:16,
469,2024-08-12T07:54:08,
470,2024-08-12T09:18:36,
471,2024-08-12T07:07:07,
472,2024-08-12T08:30:02,
473,2024-08-12T08:04:33,
474,2024-08-12T08:18:50,
475,2024-08-12T07:51:55,
476,2024-08-12T07:18:44,
477,2024-08-12T09:48:02,
478,2024-08-12T07:21:09,
479,2024-08-12T07:45:53,
480,2024-08-12T07:52:11,
481,2024-08-12T08:32:41,
482,2024-08-12T07:44:13,
483,2024-08-12T07:37:32,
484,2024-08-12T07:10:55,
485,2024-08-12T08:17:04,
486,2024-08-12T08:50:37,
487,2024-08-12T08:25:01,
488,2024-08-12T09:13:17,
489,2024-08-12T08:55:30,
490,2024-08-12T08:27:54,
491,2024-08-12T07:32:51,
492,2024-08-12T07:11:06,
493,2024-08-12T08:01:52,
494,2024-08-12T09:38:05,
495,2024-08-12T08:16:59,
496,2024-08-12T08:39:32,
497,2024-08-12T09:04:20,
498,2024-08-12T08:38:11,
499,2024-08-12T08:49:16,
500,2024-08-12T07:13:55,
501,2024-08-12T07:54:53,
502,2024-08-12T09:28:24,
503,2024-08-12T08:45:11,
504,2024-08-12T09:24:20,
505,2024-08-12T08:20:37,
506,2024-08-12T08:23:25,
507,2024-08-12T08:50:10,
508,2024-08-12T09:43:27,
509,2024-08-12T09:10:08,
510,2024-08-12T09:40:43,
511,2024-08-12T09:22:48,
512,2024-08-12T07:57:57,
513,2024-08-12T09:32:36,
514,2024-08-12T09:54:52,
515,2024-08-12T09:37:58,
516,2024-08-12T07:50:50,
517,2024-08-12T07:31:58,
518,2024-08-12T07:53:04,
519,2024-08-12T08:42:26,
520,2024-08-12T09:19:18,
521,2024-08-12T07:35:28,
522,2024-08-12T08:52:39,
523,2024-08-12T11:27:01,
524,2024-08-12T07:29:42,
525,2024-08-12T08:57:04,
526,2024-08-12T10:44:41,
527,2024-08-12T09:34:22,
528,2024-08-12T07:42:12,
529,2024-08-12T09:06:26,
530,2024-08-12T11:57:57,
531,2024-08-12T07:18:08,
532,2024-08-12T07:41:59,
533,2024-08-12T07:15:08,
534,2024-08-12T11:49:07,
535,2024-08-12T08:20:45,
536,2024-08-12T09:07:27,
537,2024-08-12T09:21:13,
538,2024-08-12T11:24:49,
539,2024-08-12T09:45:31,
540,2024-08-12T11:27:47,
541,2024-08-12T08:06:12,
542,2024-08-12T09:29:04,
543,2024-08-12T10:01:56,
544,2024-08-12T08:14:19,
545,2024-08-12T07:48:01,
546,2024-08-12T07:06:13,
547,2024-08-12T11:01:16,
548,2024-08-12T10:30:52,
549,2024-08-12T11:26:50,
550,2024-08-12T07:19:48,
551,2024-08-12T10:01:35,
552,2024-08-12T08:33:11,
553,2024-08-12T09:13:35,
554,2024-08-12T09:27:06,
555,2024-08-12T09:16:40,
556,2024-08-12T11:55:48,
557,2024-08-12T11:55:30,
558,2024-08-12T10:11:50,
559,2024-08-12T09:31:16,
560,2024-08-12T09:08:19,
561,2024-08-12T09:24:45,
562,2024-08-12T07:56:24,
563,2024-08-12T09:36:19,
564,2024-08-12T07:26:59,
565,2024-08-12T10:50:26,
566,2024-08-12T10:20:43,
567,2024-08-12T10:56:25,
568,2024-08-12T09:29:54,
569,2024-08-12T10:58:17,
570,2024-08-12T08:25:28,
571,2024-08-12T08:45:34,
572,2024-08-12T11:28:49,
573,2024-08-12T11:28:29,
574,2024-08-12T11:30:23,
575,2024-08-12T08:03:19,
576,2024-08-12T09:15:33,
577,2024-08-12T07:24:14,
578,2024-08-12T09:01:20,
579,2024-08-12T09:38:12,
580,2024-08-12T09:04:38,
581,2024-08-12T11:58:07,
582,2024-08-12T11:31:47,
583,2024-08-12T10:10:18,
584,2024-08-12T07:12:29,
585,2024-08-12T11:23:04,
586,2024-08-12T10:44:53,
587,2024-08-12T07:26:51,
588,2024-08-12T10:45:54,
589,2024-08-12T10:37:21,
590,2024-08-12T09:44:50,
591,2024-08-12T09:12:30,
592,2024-08-12T07:15:54,
593,2024-08-12T10:14:58,
594,2024-08-12T07:44:24,
595,2024-08-12T10:31:57,
596,2024-08-12T08:19:56,
597,2024-08-12T11:50:02,
598,2024-08-12T10:33:26,
599,2024-08-12T09:04:48,
600,2024-08-12T07:32:59,
601,2024-08-12T07:59:00,
602,2024-08-12T10:16:56,
603,2024-08-12T07:00:08,
604,2024-08-12T07:49:34,
605,2024-08-12T09:11:17,
606,2024-08-12T11:25:42,
607,2024-08-12T09:55:59,
608,2024-08-12T07:16:01,
609,2024-08-12T08:53:39,
610,2024-08-12T08:33:58,
611,2024-08-12T09:45:01,
612,2024-08-12T11:16:24,
613,2024-08-12T08:08:20,
614,2024-08-12T09:19:20,
615,2024-08-12T11:17:21,
616,2024-08-12T08:11:09,
617,2024-08-12T07:18:03,
618,2024-08-12T07:57:21,
619,2024-08-12T11:49:58,
620,2024-08-12T07:33:23,
621,2024-08-12T08:58:40,
622,2024-08-12T10:05:24,
623,2024-08-12T10:24:21,
624,2024-08-12T09:56:51,
625,2024-08-12T11:09:36,
626,2024-08-12T11:18:40,
627,2024-08-12T10:42:23,
628,2024-08-12T09:23:13,
629,2024-08-12T11:56:55,
630,2024-08-12T09:50:03,
631,2024-08-12T11:07:43,
632,2024-08-12T11:17:23,
633,2024-08-12T09:33:26,
634,2024-08-12T10:13:56,
635,2024-08-12T10:36:05,
636,2024-08-12T10:14:08,
637,2024-08-12T09:20:22,
638,2024-08-12T11:55:26,
639,2024-08-12T10:57:29,
640,2024-08-12T11:35:56,
641,2024-08-12T10:46:57,
642,2024-08-12T10:50:07,
643,2024-08-12T09:50:15,
644,2024-08-12T09:13:59,
645,2024-08-12T09:48:27,
646,2024-08-12T10:13:26,
647,2024-08-12T09:34:29,
648,2024-08-12T11:13:16,
649,2024-08-12T11:32:18,
650,2024-08-12T09:38:51,
651,2024-08-12T11:48:37,
652,2024-08-12T09:54:07,
653,2024-08-12T10:21:52,
654,2024-08-12T10:17:20,
655,2024-08-12T10:11:56,
656,2024-08-12T10:27:28,
657,2024-08-12T11:44:16,
658,2024-08-12T10:08:14,
659,2024-08-12T09:15:54,
660,2024-08-12T10:44:16,
661,2024-08-12T09:31:51,
662,2024-08-12T11:04:09,
663,2024-08-12T11:22:33,
664,2024-08-12T09:16:41,
665,2024-08-12T10:09:01,
666,2024-08-12T11:26:17,
667,2024-08-12T11:19:45,
668,2024-08-12T11:39:41,
669,2024-08-12T10:44:15,
670,2024-08-12T10:11:02,
671,2024-08-12T11:22:01,
672,2024-08-12T09:16:50,
673,2024-08-12T10:22:20,
674,2024-08-12T11:48:10,
675,2024-08-12T10:19:55,
676,2024-08-12T11:53:57,
677,2024-08-12T09:19:04,
678,2024-08-12T11:38:58,
679,2024-08-12T11:02:17,
680,2024-08-12T10:16:00,
681,2024-08-12T11:32:49,
682,2024-08-12T11:19:10,
683,2024-08-12T09:50:36,
684,2024-08-12T10:02:02,
685,2024-08-12T09:50:05,
686,2024-08-12T09:47:25,
687,2024-08-12T11:57:01,
688,2024-08-12T11:58:22,
689,2024-08-12T09:29:15,
690,2024-08-12T11:08:28,
691,2024-08-12T10:02:33,
692,2024-08-12T10:41:30,
693,2024-08-12T11:01:13,
694,2024-08-12T09:29:26,
695,2024-08-12T11:55:37,
696,2024-08-12T09:39:20,
697,2024-08-12T10:18:49,
698,2024-08-12T10:08:17,
699,2024-08-12T11:32:39,
700,2024-08-12T09:46:22,
701,2024-08-12T10:52:52,
702,2024-08-12T09:32:05,
703,2024-08-12T11:07:37,
704,2024-08-12T10:01:49,
705,2024-08-12T10:59:07,
706,2024-08-12T11:28:38,
707,2024-08-12T09:14:31,
708,2024-08-12T11:48:33,
709,2024-08-12T11:21:54,
710,2024-08-12T10:19:05,
711,2024-08-12T10:38:43,
712,2024-08-12T10:29:30,
713,2024-08-12T10:10:00,
714,2024-08-12T10:23:09,
715,2024-08-12T09:55:20,
716,2024-08-12T11:15:17,
717,2024-08-12T09:23:05,
718,2024-08-12T10:07:56,
719,2024-08-12T10:18:58,
720,2024-08-12T11:54:30,
721,2024-08-12T10:12:00,
722,2024-08-12T10:18:12,
723,2024-08-12T11:39:55,
724,2024-08-12T11:17:03,
725,2024-08-12T11:57:04,
726,2024-08-12T11:20:05,
727,2024-08-12T11:41:34,
728,2024-08-12T11:25:24,
729,2024-08-12T11:14:22,
730,2024-08-12T11:22:04,
731,2024-08-12T11:28:06,
732,2024-08-12T11:12:56,
733,2024-08-12T11:55:21,
734,2024-08-12T11:54:39,
735,2024-08-12T11:49:25,
736,2024-08-12T11:13:41,
737,2024-08-12T11:28:37,
738,2024-08-12T11:29:09,
739,2024-08-12T11:12:01,
740,2024-08-12T11:44:19,
741,2024-08-12T11:43:42,
742,2024-08-12T11:28:00,
743,2024-08-12T11:22:09,
744,2024-08-12T11:42:47,
745,2024-08-12T11:37:36,
746,2024-08-12T11:35:32,
747,2024-08-12T11:28:00,
748,2024-08-12T11:33:28,
749,2024-08-12T11:56:46,
750,2024-08-12T11:37:14,
751,2024-08-12T11:35:09,
752,2024-08-12T11:50:47,
753,2024-08-12T11:42:49,
754,2024-08-12T11:44:17,
755,2024-08-12T11:45:07,
756,2024-08-12T11:12:55,
757,2024-08-12T11:51:21,
758,2024-08-12T11:44:13,
759,2024-08-12T11:53:57,
760,2024-08-12T11:59:12,
761,2024-08-12T11:32:53,
762,2024-08-12T11:26:41,
763,2024-08-12T11:32:45,
764,2024-08-12T11:58:32,
765,2024-08-12T11:43:56,
766,2024-08-12T11:16:17,
767,2024-08-12T11:39:22,
768,2024-08-12T11:49:59,
769,2024-08-12T11:43:13,
770,2024-08-12T11:37:40,
771,2024-08-12T11:31:42,
772,2024-08-12T11:39:06,
773,2024-08-12T11:18:54,
774,2024-08-12T11:56:33,
775,2024-08-12T11:21:20,
776,2024-08-12T11:52:15,
777,2024-08-12T11:46:39,
778,2024-08-12T11:37:32,
779,2024-08-12T11:26:38,
780,2024-08-12T11:17:00,
781,2024-08-12T11:18:19,
782,2024-08-12T11:24:40,
783,2024-08-12T11:44:49,
784,2024-08-12T11:43:19,
785,2024-08-12T11:57:55,
786,2024-08-12T11:45:44,
787,2024-08-12T11:20:25,
788,2024-08-12T11:14:09,
789,2024-08-12T11:15:54,
790,2024-08-12T11:50:59,
791,2024-08-12T11:31:58,
792,2024-08-12T11:19:59,
793,2024-08-12T11:26:40,
794,2024-08-12T11:14:27,
795,2024-08-12T11:14:57,
796,2024-08-12T11:43:32,
797,2024-08-12T11:21:02,
798,2024-08-12T11:33:13,
799,2024-08-12T11:14:31,
800,2024-08-12T11:29:22,
801,2024-08-12T11:31:02,
802,2024-08-12T11:23:07,
803,2024-08-12T11:19:19,
804,2024-08-12T11:41:26,
805,2024-08-12T11:35:49,
806,2024-08-12T11:48:21,
807,2024-08-12T11:12:55,
808,2024-08-12T11:15:36,
809,2024-08-12T11:43:22,
810,2024-08-12T11:52:09,
811,2024-08-12T11:16:09,
812,2024-08-12T11:56:37,
813,2024-08-12T11:40:08,
814,2024-08-12T11:13:31,
815,2024-08-12T11:59:01,
816,2024-08-12T11:35:51,
817,2024-08-12T11:39:39,
818,2024-08-12T11:24:00,
819,2024-08-12T11:25:35,
820,2024-08-12T11:12:39,
821,2024-08-12T11:40:38,
822,2024-08-12T11:44:34,
823,2024-08-12T13:57:54,
824,2024-08-12T13:33:53,
825,2024-08-12T12:10:33,
826,2024-08-12T12:58:26,
827,2024-08-12T12:31:20,
828,2024-08-12T12:16:56,
829,2024-08-12T13:45:26,
830,2024-08-12T13:52:43,
831,2024-08-12T12:34:54,
832,2024-08-12T13:26:42,
833,2024-08-12T13:36:08,
834,2024-08-12T12:42:44,
835,2024-08-12T12:51:51,
836,2024-08-12T13:18:35,
837,2024-08-12T13:47:49,
838,2024-08-12T13:53:31,
839,2024-08-12T12:48:10,
840,2024-08-12T12:53:43,
841,2024-08-12T13:10:09,
842,2024-08-12T13:23:25,
843,2024-08-12T12:30:26,
844,2024-08-12T13:36:01,
845,2024-08-12T13:36:04,
846,2024-08-12T13:05:37,
847,2024-08-12T13:01:47,
848,2024-08-12T12:17:24,
849,2024-08-12T13:57:56,
850,2024-08-12T12:47:46,
851,2024-08-12T12:59:44,
852,2024-08-12T12:41:48,
853,2024-08-12T12:15:23,
854,2024-08-12T12:33:40,
855,2024-08-12T13:15:59,
856,2024-08-12T12:25:50,
857,2024-08-12T12:44:26,
858,2024-08-12T12:36:26,
859,2024-08-12T13:34:31,
860,2024-08-12T12:18:29,
861,2024-08-12T13:01:20,
862,2024-08-12T12:11:41,
863,2024-08-12T13:55:00,
864,2024-08-12T13:04:11,
865,2024-08-12T13:34:56,
866,2024-08-12T13:08:45,
867,2024-08-12T13:54:00,
868,2024-08-12T13:27:29,
869,2024-08-12T12:41:35,
870,2024-08-12T12:38:50,
871,2024-08-12T13:10:52,
872,2024-08-12T12:10:44,
873,2024-08-12T13:04:08,
874,2024-08-12T12:16:15,
875,2024-08-12T12:49:01,
876,2024-08-12T12:53:57,
877,2024-08-12T13:47:17,
878,2024-08-12T12:34:15,
879,2024-08-12T13:31:56,
880,2024-08-12T12:38:49,
881,2024-08-12T13:11:17,
882,2024-08-12T12:31:27,
883,2024-08-12T13:54:49,
884,2024-08-12T13:16:02,
885,2024-08-12T13:45:16,
886,2024-08-12T13:36:32,
887,2024-08-12T13:20:34,
888,2024-08-12T13:28:24,
889,2024-08-12T13:13:59,
890,2024-08-12T13:10:56,
891,2024-08-12T12:43:12,
892,2024-08-12T13:46:42,
893,2024-08-12T12:13:58,
894,2024-08-12T12:54:30,
895,2024-08-12T13:52:34,
896,2024-08-12T13:37:27,
897,2024-08-12T13:43:17,
898,2024-08-12T12:59:03,
899,2024-08-12T12:40:05,
900,2024-08-12T13:34:20,
901,2024-08-12T12:26:21,
902,2024-08-12T12:41:22,
903,2024-08-12T12:24:43,
904,2024-08-12T13:41:48,
905,2024-08-12T13:33:21,
906,2024-08-12T13:14:08,
907,2024-08-12T12:12:45,
908,2024-08-12T12:48:44,
909,2024-08-12T12:58:13,
910,2024-08-12T12:57:10,
911,2024-08-12T12:53:30,
912,2024-08-12T12:39:27,
913,2024-08-12T13:11:39,
914,2024-08-12T13:49:56,
915,2024-08-12T13:06:56,
916,2024-08-12T12:13:13,
917,2024-08-12T13:39:29,
918,2024-08-12T13:25:20,
919,2024-08-12T13:41:47,
920,2024-08-12T13:58:22,
921,2024-08-12T13:12:27,
922,2024-08-12T12:59:09,
923,2024-08-12T13:17:29,
924,2024-08-12T12:18:49,
925,2024-08-12T15:00:42,
926,2024-08-12T12:06:28,
927,2024-08-12T12:32:22,
928,2024-08-12T13:24:23,
929,2024-08-12T12:42:13,
930,2024-08-12T14:18:26,
931,2024-08-12T12:31:28,
932,2024-08-12T15:52:57,
933,2024-08-12T14:33:15,
934,2024-08-12T15:51:06,
935,2024-08-12T11:42:11,
936,2024-08-12T15:23:16,
937,2024-08-12T15:57:04,
938,2024-08-12T11:57:59,
939,2024-08-12T13:31:30,
940,2024-08-12T14:28:11,
941,2024-08-12T15:17:02,
942,2024-08-12T14:21:56,
943,2024-08-12T12:21:34,
944,2024-08-12T13:38:22,
945,2024-08-12T15:19:48,
946,2024-08-12T14:04:19,
947,2024-08-12T15:32:06,
948,2024-08-12T12:47:25,
949,2024-08-12T12:05:57,
950,2024-08-12T15:09:21,
951,2024-08-12T14:51:54,
952,2024-08-12T15:13:58,
953,2024-08-12T11:47:11,
954,2024-08-12T14:57:05,
955,2024-08-12T14:01:11,
956,2024-08-12T12:19:41,
957,2024-08-12T14:46:08,
958,2024-08-12T11:46:25,
959,2024-08-12T14:00:09,
960,2024-08-12T14:05:58,
961,2024-08-12T12:44:25,
962,2024-08-12T15:13:41,
963,2024-08-12T15:49:50,
964,2024-08-12T13:58:56,
965,2024-08-12T15:45:19,
966,2024-08-12T15:41:54,
967,2024-08-12T14:37:29,
968,2024-08-12T13:36:15,
969,2024-08-12T15:13:22,
970,2024-08-12T12:44:04,
971,2024-08-12T12:12:25,
972,2024-08-12T15:22:02,
973,2024-08-12T14:16:06,
974,2024-08-12T12:03:19,
975,2024-08-12T14:48:18,
976,2024-08-12T12:46:59,
977,2024-08-12T15:22:30,
978,2024-08-12T14:29:38,
979,2024-08-12T14:38:41,
980,2024-08-12T13:33:31,
981,2024-08-12T14:10:43,
982,2024-08-12T15:26:00,
983,2024-08-12T11:54:31,
984,2024-08-12T12:03:04,
985,2024-08-12T12:31:47,
986,2024-08-12T14:01:53,
987,2024-08-12T14:53:24,
988,2024-08-12T15:23:23,
989,2024-08-12T13:00:41,
990,2024-08-12T11:48:35,
991,2024-08-12T12:07:32,
992,2024-08-12T11:47:56,
993,2024-08-12T12:01:07,
994,2024-08-12T14:21:41,
995,2024-08-12T14:10:29,
996,2024-08-12T14:14:19,
997,2024-08-12T15:19:48,
998,2024-08-12T15:01:22,
999,2024-08-12T15:46:27,
1000,2024-08-12T14:30:53,
1001,2024-08-12T14:57:57,
1002,2024-08-12T13:08:28,
1003,2024-08-12T12:48:44,
1004,2024-08-12T14:51:07,
1005,2024-08-12T11:46:06,
1006,2024-08-12T15:18:08,
1007,2024-08-12T13:32:09,
1008,2024-08-12T15:10:22,
1009,2024-08-12T15:46:08,
1010,2024-08-12T14:28:49,
1011,2024-08-12T14:31:44,
1012,2024-08-12T14:58:09,
1013,2024-08-12T14:38:38,
1014,2024-08-12T14:10:58,
1015,2024-08-12T15:31:02,
1016,2024-08-12T13:28:44,
1017,2024-08-12T13:40:27,
1018,2024-08-12T13:03:58,
1019,2024-08-12T15:45:32,
1020,2024-08-12T11:47:27,
1021,2024-08-12T15:41:10,
1022,2024-08-12T15:23:29,
1023,2024-08-12T08:19:12,
1024,2024-08-12T08:17:11,
1025,2024-08-12T08:01:51,
1026,2024-08-12T08:11:00,
1027,2024-08-12T08:18:54,
1028,2024-08-12T08:51:35,
1029,2024-08-12T08:24:51,
1030,2024-08-12T08:01:16,
1031,2024-08-12T08:18:27,
1032,2024-08-12T08:55:01,
1033,2024-08-12T08:41:08,
1034,2024-08-12T08:05:01,
1035,2024-08-12T08:15:34,
1036,2024-08-12T08:47:35,
1037,2024-08-12T08:01:19,
1038,2024-08-12T08:16:23,
1039,2024-08-12T08:49:46,
1040,2024-08-12T08:51:47,
1041,2024-08-12T08:39:37,
1042,2024-08-12T08:33:59,
1043,2024-08-12T08:36:34,
1044,2024-08-12T08:06:49,
1045,2024-08-12T08:08:57,
1046,2024-08-12T08:04:12,
1047,2024-08-12T08:30:57,
1048,2024-08-12T08:41:37,
1049,2024-08-12T08:17:26,
1050,2024-08-12T08:58:39,
1051,2024-08-12T08:28:14,
1052,2024-08-12T08:46:09,
1053,2024-08-12T08:13:08,
1054,2024-08-12T08:08:27,
1055,2024-08-12T08:24:38,
1056,2024-08-12T08:59:55,
1057,2024-08-12T08:51:41,
1058,2024-08-12T08:53:43,
1059,2024-08-12T08:50:40,
1060,2024-08-12T08:41:30,
1061,2024-08-12T08:23:27,
1062,2024-08-12T08:31:13,
1063,2024-08-12T08:54:25,
1064,2024-08-12T08:03:25,
1065,2024-08-12T08:10:33,
1066,2024-08-12T08:04:42,
1067,2024-08-12T08:18:38,
1068,2024-08-12T08:17:31,
1069,2024-08-12T08:36:45,
1070,2024-08-12T08:13:35,
1071,2024-08-12T08:25:21,
1072,2024-08-12T08:30:22,
1073,2024-08-12T08:18:47,
1074,2024-08-12T08:48:59,
1075,2024-08-12T08:18:47,
1076,2024-08-12T08:13:34,
1077,2024-08-12T08:08:14,
1078,2024-08-12T08:01:34,
1079,2024-08-12T08:36:28,
1080,2024-08-12T08:18:54,
1081,2024-08-12T08:56:10,
1082,2024-08-12T08:52:48,
1083,2024-08-12T08:16:10,
1084,2024-08-12T08:29:27,
1085,2024-08-12T08:39:04,
1086,2024-08-12T08:52:52,
1087,2024-08-12T08:21:30,
1088,2024-08-12T08:40:32,
1089,2024-08-12T08:21:35,
1090,2024-08-12T08:15:50,
1091,2024-08-12T08:31:15,
1092,2024-08-12T08:54:16,
1093,2024-08-12T08:57:29,
1094,2024-08-12T08:43:03,
1095,2024-08-12T08:15:46,
1096,2024-08-12T08:33:03,
1097,2024-08-12T08:59:14,
1098,2024-08-12T08:25:34,
1099,2024-08-12T08:38:30,
1100,2024-08-12T08:59:16,
1101,2024-08-12T08:14:28,
1102,2024-08-12T08:24:03,
1103,2024-08-12T08:37:05,
1104,2024-08-12T08:07:47,
1105,2024-08-12T08:44:44,
1106,2024-08-12T08:56:25,
1107,2024-08-12T08:29:11,
1108,2024-08-12T08:19:40,
1109,2024-08-12T08:24:30,
1110,2024-08-12T08:10:00,
1111,2024-08-12T08:46:59,
1112,2024-08-12T08:09:41,
1113,2024-08-12T08:33:40,
1114,2024-08-12T08:24:24,
1115,2024-08-12T08:06:46,
1116,2024-08-12T08:56:04,
1117,2024-08-12T08:26:44,
1118,2024-08-12T08:07:43,
1119,2024-08-12T08:22:41,
1120,2024-08-12T08:07:25,
1121,2024-08-12T08:16:45,
1122,2024-08-12T08:52:56,
1123,2024-08-12T09:25:43,
1124,2024-08-12T09:16:48,
1125,2024-08-12T09:25:52,
1126,2024-08-12T09:31:06,
1127,2024-08-12T09:12:22,
1128,2024-08-12T09:35:55,
1129,2024-08-12T09:11:56,
1130,2024-08-12T09:03:45,
1131,2024-08-12T09:31:52,
1132,2024-08-12T09:57:16,
1133,2024-08-12T09:37:08,
1134,2024-08-12T09:15:01,
1135,2024-08-12T09:04:06,
1136,2024-08-12T09:41:46,
1137,2024-08-12T09:28:59,
1138,2024-08-12T09:42:26,
1139,2024-08-12T09:33:28,
1140,2024-08-12T09:58:59,
1141,2024-08-12T09:44:12,
1142,2024-08-12T09:11:52,
1143,2024-08-12T09:11:34,
1144,2024-08-12T09:32:10,
1145,2024-08-12T09:14:07,
1146,2024-08-12T09:26:01,
1147,2024-08-12T09:38:01,
1148,2024-08-12T09:58:33,
1149,2024-08-12T09:30:16,
1150,2024-08-12T09:59:48,
1151,2024-08-12T09:47:23,
1152,2024-08-12T09:16:10,
1153,2024-08-12T09:55:38,
1154,2024-08-12T09:33:17,
1155,2024-08-12T09:51:48,
1156,2024-08-12T09:13:12,
1157,2024-08-12T09:10:17,
1158,2024-08-12T09:10:01,
1159,2024-08-12T09:09:24,
1160,2024-08-12T09:59:11,
1161,2024-08-12T09:20:59,
1162,2024-08-12T09:17:16,
1163,2024-08-12T09:25:53,
1164,2024-08-12T09:44:04,
1165,2024-08-12T09:42:19,
1166,2024-08-12T09:55:09,
1167,2024-08-12T09:38:39,
1168,2024-08-12T09:18:47,
1169,2024-08-12T09:34:38,
1170,2024-08-12T09:37:40,
1171,2024-08-12T09:46:16,
1172,2024-08-12T09:38:34,
1173,2024-08-12T09:27:30,
1174,2024-08-12T09:37:33,
1175,2024-08-12T09:07:36,
1176,2024-08-12T09:31:42,
1177,2024-08-12T09:48:41,
1178,2024-08-12T09:12:02,
1179,2024-08-12T09:38:12,
1180,2024-08-12T09:48:10,
1181,2024-08-12T09:59:31,
1182,2024-08-12T09:13:06,
1183,2024-08-12T09:39:17,
1184,2024-08-12T09:03:28,
1185,2024-08-12T09:59:13,
1186,2024-08-12T09:55:54,
1187,2024-08-12T09:12:52,
1188,2024-08-12T09:32:37,
1189,2024-08-12T09:15:58,
1190,2024-08-12T09:06:36,
1191,2024-08-12T09:30:09,
1192,2024-08-12T09:53:16,
1193,2024-08-12T09:28:55,
1194,2024-08-12T09:41:43,
1195,2024-08-12T09:45:26,
1196,2024-08-12T09:17:59,
1197,2024-08-12T09:12:09,
1198,2024-08-12T09:51:49,
1199,2024-08-12T09:22:52,
1200,2024-08-12T09:58:46,
1201,2024-08-12T09:35:09,
1202,2024-08-12T09:56:01,
1203,2024-08-12T09:53:29,
1204,2024-08-12T09:37:39,
1205,2024-08-12T09:19:48,
1206,2024-08-12T09:57:07,
1207,2024-08-12T09:47:43,
1208,2024-08-12T09:12:01,
1209,2024-08-12T09:25:23,
1210,2024-08-12T09:30:37,
1211,2024-08-12T09:23:08,
1212,2024-08-12T09:42:20,
1213,2024-08-12T09:18:04,
1214,2024-08-12T09:58:41,
1215,2024-08-12T09:56:59,
1216,2024-08-12T09:09:09,
1217,2024-08-12T09:03:50,
1218,2024-08-12T09:38:56,
1219,2024-08-12T09:06:27,
1220,2024-08-12T09:25:40,
1221,2024-08-12T09:47:10,
1222,2024-08-12T09:14:01,
1223,,2024-08-12T13:54:14
1224,,2024-08-12T14:18:40
1225,,2024-08-12T14:24:48
1226,,2024-08-12T14:34:24
1227,,2024-08-12T13:38:28
1228,,2024-08-12T14:18:08
1229,,2024-08-12T13:34:55
1230,,2024-08-12T14:02:42
1231,,2024-08-12T13:40:15
1232,,2024-08-12T14:40:00
1233,,2024-08-12T13:01:40
1234,,2024-08-12T13:13:59
1235,,2024-08-12T13:17:05
1236,,2024-08-12T14:19:01
1237,,2024-08-12T13:34:38
1238,,2024-08-12T13:06:49
1239,,2024-08-12T13:01:49
1240,,2024-08-12T14:45:52
1241,,2024-08-12T14:26:08
1242,,2024-08-12T13:17:06
1243,,2024-08-12T14:16:07
1244,,2024-08-12T13:00:55
1245,,2024-08-12T13:05:19
1246,,2024-08-12T14:40:06
1247,,2024-08-12T14:22:05
1248,,2024-08-12T14:29:59
1249,,2024-08-12T14:10:30
1250,,2024-08-12T13:27:51
1251,,2024-08-12T14:50:33
1252,,2024-08-12T13:08:29
1253,,2024-08-12T14:18:20
1254,,2024-08-12T14:19:07
1255,,2024-08-12T13:39:29
1256,,2024-08-12T13:23:02
1257,,2024-08-12T14:06:46
1258,,2024-08-12T14:01:03
1259,,2024-08-12T14:43:08
1260,,2024-08-12T13:35:13
1261,,2024-08-12T14:42:51
1262,,2024-08-12T14:51:03
1263,,2024-08-12T13:17:49
1264,,2024-08-12T13:09:21
1265,,2024-08-12T14:41:49
1266,,2024-08-12T13:31:14
1267,,2024-08-12T14:04:28
1268,,2024-08-12T13:58:44
1269,,2024-08-12T14:57:13
1270,,2024-08-12T13:01:00
1271,,2024-08-12T13:55:55
1272,,2024-08-12T14:31:46
1273,,2024-08-12T13:46:30
1274,,2024-08-12T14:16:11
1275,,2024-08-12T13:51:38
1276,,2024-08-12T14:58:32
1277,,2024-08-12T14:00:36
1278,,2024-08-12T14:38:22
1279,,2024-08-12T13:38:21
1280,,2024-08-12T13:03:05
1281,,2024-08-12T13:49:25
1282,,2024-08-12T14:01:34
1283,,2024-08-12T13:39:12
1284,,2024-08-12T13:27:44
1285,,2024-08-12T14:44:25
1286,,2024-08-12T13:21:47
1287,,2024-08-12T14:15:29
1288,,2024-08-12T14:52:02
1289,,2024-08-12T13:42:00
1290,,2024-08-12T14:17:56
1291,,2024-08-12T13:25:00
1292,,2024-08-12T14:49:45
1293,,2024-08-12T13:07:34
1294,,2024-08-12T14:53:19
1295,,2024-08-12T14:23:11
1296,,2024-08-12T14:45:35
1297,,2024-08-12T14:07:05
1298,,2024-08-12T14:21:26
1299,,2024-08-12T13:54:43
1300,,2024-08-12T14:29:36
1301,,2024-08-12T13:09:22
1302,,2024-08-12T14:31:14
1303,,2024-08-12T14:09:06
1304,,2024-08-12T14:27:07
1305,,2024-08-12T14:38:24
1306,,2024-08-12T14:42:08
1307,,2024-08-12T13:29:57
1308,,2024-08-12T13:28:43
1309,,2024-08-12T13:06:48
1310,,2024-08-12T13:04:48
1311,,2024-08-12T14:29:57
1312,,2024-08-12T13:55:10
1313,,2024-08-12T13:18:36
1314,,2024-08-12T14:52:19
1315,,2024-08-12T14:28:56
1316,,2024-08-12T13:52:10
1317,,2024-08-12T13:19:41
1318,,2024-08-12T14:27:27
1319,,2024-08-12T13:52:19
1320,,2024-08-12T14:01:05
1321,,2024-08-12T13:13:07
1322,,2024-08-12T13:32:12
